{"cameraMode":{"drawMode":0,"name":"Shaded","section":"Shading Mode"},"sceneLighting":false,"audioPlay":false,"sceneViewState":{"showFog":true,"showMaterialUpdate":false,"showSkybox":false,"showFlares":true,"showImageEffects":true,"showParticleSystems":true},"in2DMode":false,"pivot":{"x":6.670314788818359,"y":1.4117616415023804,"z":-1.2607500553131104},"rotation":{"x":-0.009496553801000119,"y":-0.9903914332389832,"z":0.08818663656711579,"w":-0.10645271837711334},"size":3.880924701690674,"orthographic":false}