{"cameraMode":{"drawMode":0,"name":"Shaded","section":"Shading Mode"},"sceneLighting":false,"audioPlay":false,"sceneViewState":{"showFog":true,"showMaterialUpdate":false,"showSkybox":false,"showFlares":true,"showImageEffects":true,"showParticleSystems":true},"in2DMode":false,"pivot":{"x":-21.2884521484375,"y":3.1558942794799806,"z":12.293550491333008},"rotation":{"x":-0.009496553801000119,"y":-0.9903914332389832,"z":0.08818663656711579,"w":-0.10645271837711334},"size":83.9826431274414,"orthographic":false}