{"cameraMode":{"drawMode":0,"name":"Shaded","section":"Shading Mode"},"sceneLighting":true,"audioPlay":false,"sceneViewState":{"showFog":true,"showMaterialUpdate":false,"showSkybox":false,"showFlares":true,"showImageEffects":true,"showParticleSystems":true},"in2DMode":false,"pivot":{"x":-44.484832763671878,"y":19.9271240234375,"z":-64.51995849609375},"rotation":{"x":-0.1783803552389145,"y":-0.8126236200332642,"z":-0.31958308815956118,"w":0.4535999000072479},"size":34.636192321777347,"orthographic":false}