{"cameraMode":{"drawMode":0,"name":"Shaded","section":"Shading Mode"},"sceneLighting":true,"audioPlay":false,"sceneViewState":{"showFog":true,"showMaterialUpdate":false,"showSkybox":true,"showFlares":true,"showImageEffects":true,"showParticleSystems":true},"in2DMode":false,"pivot":{"x":-18.322490692138673,"y":0.741858959197998,"z":19.03109359741211},"rotation":{"x":0.06736865639686585,"y":-0.9230351448059082,"z":0.189840167760849,"w":0.3280094563961029},"size":94.48101043701172,"orthographic":false}