{"cameraMode":{"drawMode":0,"name":"Shaded","section":"Shading Mode"},"sceneLighting":false,"audioPlay":false,"sceneViewState":{"showFog":true,"showMaterialUpdate":false,"showSkybox":false,"showFlares":true,"showImageEffects":true,"showParticleSystems":true},"in2DMode":false,"pivot":{"x":-14.8100004196167,"y":14.15999984741211,"z":9.640000343322754},"rotation":{"x":0.083332858979702,"y":-0.8917418122291565,"z":0.1833823174238205,"w":0.405320405960083},"size":48.69834518432617,"orthographic":false}