{"cameraMode":{"drawMode":0,"name":"Shaded","section":"Shading Mode"},"sceneLighting":false,"audioPlay":false,"sceneViewState":{"showFog":true,"showMaterialUpdate":false,"showSkybox":false,"showFlares":true,"showImageEffects":true,"showParticleSystems":true},"in2DMode":false,"pivot":{"x":-3.0225086212158205,"y":5.895618915557861,"z":12.644987106323243},"rotation":{"x":-0.009496553801000119,"y":-0.9903914332389832,"z":0.08818663656711579,"w":-0.10645271837711334},"size":108.84393310546875,"orthographic":false}