{"cameraMode":{"drawMode":0,"name":"Shaded","section":"Shading Mode"},"sceneLighting":true,"audioPlay":false,"sceneViewState":{"showFog":true,"showMaterialUpdate":false,"showSkybox":true,"showFlares":true,"showImageEffects":true,"showParticleSystems":true},"in2DMode":false,"pivot":{"x":24.39075469970703,"y":4.345303535461426,"z":31.000829696655275},"rotation":{"x":-0.014690716750919819,"y":0.9853120446205139,"z":-0.12061760574579239,"w":-0.1200069934129715},"size":0.43736153841018679,"orthographic":false}